{
    "name": "BU16-Stream controller for OBS",
    "description": "1st column=scenes switch\n2nd and 3rd column=sources toggle\n4th row=audio mutes",
    "type": "BU16",
    "isGridProfile": true,
    "version": {
        "major": 1,
        "minor": 2,
        "patch": 9
    },
    "configs": [
        {
            "controlElementNumber": 0,
            "events": [
                {
                    "event": "0",
                    "config": "<?lua --[[@l]] local num,val,red,gre,blu=self:ind(),self:bva(),255, 255,0--[[@glc]] glc(num,1,red,gre,blu)--[[@glp]] glp(num,1,255) ?>"
                },
                {
                    "event": "3",
                    "config": "<?lua --[[@l]] local num,val=self:ind(), self:bva()--[[@if]] if val == 127 then--[[@gks]] gks(50,1,1,2,1,1,4,0,2,39,1,0,4,1,0,2)--[[@en]] end--[[@cb]] for i=0,3,1 do glp(i*4,1,0)end--[[@glp]] glp(num,1,255) ?>"
                },
                {
                    "event": "6",
                    "config": "<?lua --[[@cb]] print('tick') ?>"
                }
            ]
        },
        {
            "controlElementNumber": 1,
            "events": [
                {
                    "event": "0",
                    "config": "<?lua --[[@l]] local num,val,red,gre,blu=self:ind(),self:bva(),glr(),glg(),glb()--[[@glc]] glc(num,1,100,100,100,1)--[[@glp]] glp(num,1,val) ?>"
                },
                {
                    "event": "3",
                    "config": "<?lua --[[@l]] local num,val,ch,note=self:ind(),self:bva(),(gmy()*4+gpc())%16,(32+gmx()*16+self:ind())%128--[[@glp]] glp(num,1,val)--[[@sbc]] self:bmo(1)--[[@if]] if self:bst()==127 then--[[@if]] if val==127 then--[[@gks]] gks(25,1,1,4,1,1,2,0,2,33,1,0,2,1,0,4)--[[@el]] else--[[@gks]] gks(25,1,1,4,1,1,2,0,2,33,1,0,2,1,0,4)--[[@en]] end--[[@en]] end ?>"
                },
                {
                    "event": "6",
                    "config": "<?lua --[[@cb]] print('tick') ?>"
                }
            ]
        },
        {
            "controlElementNumber": 2,
            "events": [
                {
                    "event": "0",
                    "config": "<?lua --[[@l]] local num,val,red,gre,blu=self:ind(),self:bva(),glr(),glg(),glb()--[[@glc]] glc(num,1,100,100,100,1)--[[@glp]] glp(num,1,val) ?>"
                },
                {
                    "event": "3",
                    "config": "<?lua --[[@l]] local num,val,ch,note=self:ind(),self:bva(),(gmy()*4+gpc())%16,(32+gmx()*16+self:ind())%128--[[@glp]] glp(num,1,val)--[[@sbc]] self:bmo(1)--[[@if]] if self:bst()==127 then--[[@if]] if val==127 then--[[@gks]] gks(25,1,1,4,1,1,2,0,2,34,1,0,2,1,0,4)--[[@el]] else--[[@gks]] gks(25,1,1,4,1,1,2,0,2,34,1,0,2,1,0,4)--[[@en]] end--[[@en]] end ?>"
                },
                {
                    "event": "6",
                    "config": "<?lua --[[@cb]] print('tick') ?>"
                }
            ]
        },
        {
            "controlElementNumber": 3,
            "events": [
                {
                    "event": "0",
                    "config": "<?lua --[[@l]] local num,val,red,gre,blu=self:ind(),self:bva(),glr(),glg(),glb()--[[@glp]] glp(num,1,val)--[[@glc]] glc(num,1,0,255,0,0) ?>"
                },
                {
                    "event": "3",
                    "config": "<?lua --[[@l]] local num,val,ch,note=self:ind(),self:bva(),(gmy()*4+gpc())%16,(32+gmx()*16+self:ind())%128--[[@sbc]] self:bmo(1)--[[@if]] if val==127 then--[[@glc]] glc(num,1,255,0,0,0)--[[@gks]] gks(25,1,1,4,1,1,2,0,2,17,1,0,2,1,0,4)--[[@el]] else--[[@glc]] glc(num,1,0,255,0,0)--[[@gks]] gks(25,1,1,4,1,1,2,0,2,13,1,0,2,1,0,4)--[[@en]] end ?>"
                },
                {
                    "event": "6",
                    "config": "<?lua --[[@cb]] print('tick') ?>"
                }
            ]
        },
        {
            "controlElementNumber": 4,
            "events": [
                {
                    "event": "0",
                    "config": "<?lua --[[@l]] local num,val,red,gre,blu=self:ind(),self:bva(), 255, 255, 0--[[@glc]] glc(num,1,red,gre,blu)--[[@glp]] glp(num,1,val) ?>"
                },
                {
                    "event": "3",
                    "config": "<?lua --[[@l]] local num,val=self:ind(), self:bva()--[[@if]] if  val == 127 then--[[@gks]] gks(50,1,1,2,1,1,4,0,2,30,1,0,4,1,0,2)--[[@en]] end--[[@cb]] for i=0,3,1 do glp(i*4,1,0)end--[[@glp]] glp(num,1,255) ?>"
                },
                {
                    "event": "6",
                    "config": "<?lua --[[@cb]] print('tick') ?>"
                }
            ]
        },
        {
            "controlElementNumber": 5,
            "events": [
                {
                    "event": "0",
                    "config": "<?lua --[[@l]] local num,val,red,gre,blu=self:ind(),self:bva(),glr(),glg(),glb()--[[@glc]] glc(num,1,100,gre,blu,1)--[[@glp]] glp(num,1,val) ?>"
                },
                {
                    "event": "3",
                    "config": "<?lua --[[@l]] local num,val,ch,note=self:ind(),self:bva(),(gmy()*4+gpc())%16,(32+gmx()*16+self:ind())%128--[[@gms]] gms(ch,144,note,val)--[[@glp]] glp(num,1,val) ?>"
                },
                {
                    "event": "6",
                    "config": "<?lua --[[@cb]] print('tick') ?>"
                }
            ]
        },
        {
            "controlElementNumber": 6,
            "events": [
                {
                    "event": "0",
                    "config": "<?lua --[[@l]] local num,val,red,gre,blu=self:ind(),self:bva(),glr(),glg(),glb()--[[@glc]] glc(num,1,red,gre,blu,1)--[[@glp]] glp(num,1,val) ?>"
                },
                {
                    "event": "3",
                    "config": "<?lua --[[@l]] local num,val,ch,note=self:ind(),self:bva(),(gmy()*4+gpc())%16,(32+gmx()*16+self:ind())%128--[[@gms]] gms(ch,144,note,val)--[[@glp]] glp(num,1,val) ?>"
                },
                {
                    "event": "6",
                    "config": "<?lua --[[@cb]] print('tick') ?>"
                }
            ]
        },
        {
            "controlElementNumber": 7,
            "events": [
                {
                    "event": "0",
                    "config": "<?lua --[[@l]] local num,val,red,gre,blu=self:ind(),self:bva(),glr(),glg(),glb()--[[@glp]] glp(num,1,val)--[[@glc]] glc(num,1,0,255,0,0) ?>"
                },
                {
                    "event": "3",
                    "config": "<?lua --[[@l]] local num,val,ch,note=self:ind(),self:bva(),(gmy()*4+gpc())%16,(32+gmx()*16+self:ind())%128--[[@sbc]] self:bmo(1)--[[@if]] if val==127 then--[[@glc]] glc(num,1,255,0,0,0)--[[@gks]] gks(25,1,1,4,1,1,2,0,2,16,1,0,2,1,0,4)--[[@el]] else--[[@glc]] glc(num,1,0,255,0,0)--[[@gks]] gks(25,1,1,4,1,1,2,0,2,14,1,0,2,1,0,4)--[[@en]] end ?>"
                },
                {
                    "event": "6",
                    "config": "<?lua --[[@cb]] print('tick') ?>"
                }
            ]
        },
        {
            "controlElementNumber": 8,
            "events": [
                {
                    "event": "0",
                    "config": "<?lua --[[@l]] local num,val,red,gre,blu=self:ind(),self:bva(), 255, 255, 0--[[@glc]] glc(num,1,red,gre,blu)--[[@glp]] glp(num,1,val) ?>"
                },
                {
                    "event": "3",
                    "config": "<?lua --[[@l]] local num,val=self:ind(), self:bva()--[[@if]] if  val==127 then--[[@gks]] gks(50,1,1,2,1,1,4,0,2,31,1,0,2,1,0,4)--[[@en]] end--[[@cb]] for i=0,3,1 do glp(i*4,1,0)end--[[@glp]] glp(num,1,255) ?>"
                },
                {
                    "event": "6",
                    "config": "<?lua --[[@cb]] print('tick') ?>"
                }
            ]
        },
        {
            "controlElementNumber": 9,
            "events": [
                {
                    "event": "0",
                    "config": "<?lua --[[@l]] local num,val,red,gre,blu=self:ind(),self:bva(),glr(),glg(),glb()--[[@glc]] glc(num,1,100,100,100,1)--[[@glp]] glp(num,1,val) ?>"
                },
                {
                    "event": "3",
                    "config": "<?lua --[[@l]] local num,val,ch,note=self:ind(),self:bva(),(gmy()*4+gpc())%16,(32+gmx()*16+self:ind())%128--[[@glp]] glp(num,1,val)--[[@sbc]] self:bmo(1)--[[@if]] if self:bst()==127 then--[[@if]] if val==127 then--[[@gks]] gks(25,1,1,4,1,1,2,0,2,35,1,0,2,1,0,4)--[[@el]] else--[[@gks]] gks(25,1,1,4,1,1,2,0,2,35,1,0,2,1,0,4)--[[@en]] end--[[@en]] end ?>"
                },
                {
                    "event": "6",
                    "config": "<?lua --[[@cb]] print('tick') ?>"
                }
            ]
        },
        {
            "controlElementNumber": 10,
            "events": [
                {
                    "event": "0",
                    "config": "<?lua --[[@l]] local num,val,red,gre,blu=self:ind(),self:bva(),glr(),glg(),glb()--[[@glc]] glc(num,1,100,100,100,1)--[[@glp]] glp(num,1,val) ?>"
                },
                {
                    "event": "3",
                    "config": "<?lua --[[@l]] local num,val,ch,note=self:ind(),self:bva(),(gmy()*4+gpc())%16,(32+gmx()*16+self:ind())%128--[[@glp]] glp(num,1,val)--[[@sbc]] self:bmo(1)--[[@if]] if self:bst()==127 then--[[@if]] if val==127 then--[[@gks]] gks(25,1,1,4,1,1,2,0,2,36,1,0,2,1,0,4)--[[@el]] else--[[@gks]] gks(25,1,1,4,1,1,2,0,2,36,1,0,2,1,0,4)--[[@en]] end--[[@en]] end ?>"
                },
                {
                    "event": "6",
                    "config": "<?lua --[[@cb]] print('tick') ?>"
                }
            ]
        },
        {
            "controlElementNumber": 11,
            "events": [
                {
                    "event": "0",
                    "config": "<?lua --[[@l]] local num,val,red,gre,blu=self:ind(),self:bva(),glr(),glg(),glb()--[[@glc]] glc(num,1,red,gre,blu)--[[@glp]] glp(num,1,val) ?>"
                },
                {
                    "event": "3",
                    "config": "<?lua --[[@l]] local num,val,ch,note=self:ind(),self:bva(),(gmy()*4+gpc())%16,(32+gmx()*16+self:ind())%128--[[@gms]] gms(ch,144,note,val)--[[@glp]] glp(num,1,val) ?>"
                },
                {
                    "event": "6",
                    "config": "<?lua --[[@cb]] print('tick') ?>"
                }
            ]
        },
        {
            "controlElementNumber": 12,
            "events": [
                {
                    "event": "0",
                    "config": "<?lua --[[@l]] local num,val,red,gre,blu=self:ind(),self:bva(), 255, 255, 0--[[@glc]] glc(num,1,red,gre,blu)--[[@glp]] glp(num,1,val) ?>"
                },
                {
                    "event": "3",
                    "config": "<?lua --[[@l]] local num,val=self:ind(), self:bva()--[[@if]] if val==127 then--[[@gks]] gks(50,1,1,2,1,1,4,0,2,32,1,0,2,1,0,4)--[[@en]] end--[[@cb]] for i=0,3,1 do glp(i*4,1,0)end--[[@glp]] glp(num,1,255) ?>"
                },
                {
                    "event": "6",
                    "config": "<?lua --[[@cb]] print('tick') ?>"
                }
            ]
        },
        {
            "controlElementNumber": 13,
            "events": [
                {
                    "event": "0",
                    "config": "<?lua --[[@l]] local num,val,red,gre,blu=self:ind(),self:bva(),glr(),glg(),glb()--[[@glc]] glc(num,1,red,gre,blu,1)--[[@glp]] glp(num,1,val) ?>"
                },
                {
                    "event": "3",
                    "config": "<?lua --[[@l]] local num,val,ch,note=self:ind(),self:bva(),(gmy()*4+gpc())%16,(32+gmx()*16+self:ind())%128--[[@gms]] gms(ch,144,note,val)--[[@glp]] glp(num,1,val) ?>"
                },
                {
                    "event": "6",
                    "config": "<?lua --[[@cb]] print('tick') ?>"
                }
            ]
        },
        {
            "controlElementNumber": 14,
            "events": [
                {
                    "event": "0",
                    "config": "<?lua --[[@l]] local num,val,red,gre,blu=self:ind(),self:bva(),glr(),glg(),glb()--[[@glc]] glc(num,1,red,gre,blu,1)--[[@glp]] glp(num,1,val) ?>"
                },
                {
                    "event": "3",
                    "config": "<?lua --[[@l]] local num,val,ch,note=self:ind(),self:bva(),(gmy()*4+gpc())%16,(32+gmx()*16+self:ind())%128--[[@gms]] gms(ch,144,note,val)--[[@glp]] glp(num,1,val) ?>"
                },
                {
                    "event": "6",
                    "config": "<?lua --[[@cb]] print('tick') ?>"
                }
            ]
        },
        {
            "controlElementNumber": 15,
            "events": [
                {
                    "event": "0",
                    "config": "<?lua --[[@l]] local num,val,red,gre,blu=self:ind(),self:bva(),glr(),glg(),glb()--[[@glc]] glc(num,1,red,gre,blu)--[[@glp]] glp(num,1,val) ?>"
                },
                {
                    "event": "3",
                    "config": "<?lua --[[@l]] local num,val,ch,note=self:ind(),self:bva(),(gmy()*4+gpc())%16,(32+gmx()*16+self:ind())%128--[[@gms]] gms(ch,144,note,val)--[[@glp]] glp(num,1,val) ?>"
                },
                {
                    "event": "6",
                    "config": "<?lua --[[@cb]] print('tick') ?>"
                }
            ]
        },
        {
            "controlElementNumber": 255,
            "events": [
                {
                    "event": "0",
                    "config": "<?lua --[[@cb]] --[[page init]] ?>"
                },
                {
                    "event": "4",
                    "config": "<?lua --[[@cb]] gpl(gpn()) ?>"
                },
                {
                    "event": "5",
                    "config": "<?lua --[[@l]] local ch,cmd,param1,param2=midi.ch,midi.cmd,midi.p1,midi.p2 ?>"
                },
                {
                    "event": "6",
                    "config": "<?lua --[[@cb]] print('tick') ?>"
                }
            ]
        }
    ]
}